MAE,RMSE,R2,MBE,Model,FeatureSet,FeatureCount
0.5844631819660239,0.7667140928419341,0.7677395149483686,0.025169878615308224,Interpretability_RF,Mordred2D,1395
